<?xml version='1.0' encoding='utf-8' standalone='yes' ?>
<map>
    <string name="com.huati/com.huluxia.ui.splash.FloorSplashActivity">com.huati/com.huluxia.ui.home.HomeActivity</string>
    <string name="com.tencent.map/com.tencent.map.WelcomeActivity">com.tencent.map/com.tencent.map.framework.launch.MapActivityReal</string>
    <string name="com.vmos.pro/com.vmos.pro.activities.splash.SplashActivity">com.vmos.pro/com.vmos.pro.activities.main.MainActivity</string>
    <string name="com.sinovatech.unicom.ui/com.sinovatech.unicom.basic.ui.activity.WelcomeClient">com.sinovatech.unicom.ui/com.sinovatech.unicom.basic.ui.activity.MainActivity</string>
    <string name="com.netease.cloudmusic/com.netease.cloudmusic.activity.LoadingActivity">com.netease.cloudmusic/com.netease.cloudmusic.activity.MainActivity</string>
    <string name="com.sankuai.meituan.takeoutnew/com.sankuai.meituan.takeoutnew.ui.page.boot.WelcomeActivity">com.sankuai.meituan.takeoutnew/com.sankuai.waimai.business.page.homepage.MainActivity</string>
    <string name="com.coolapk.market/com.coolapk.market.view.splash.SplashActivity">com.coolapk.market/com.coolapk.market.view.main.MainActivity</string>
    <string name="com.shoujiduoduo.ringtone/com.shoujiduoduo.ringtone.activity.WelcomeActivity">com.shoujiduoduo.ringtone/com.shoujiduoduo.ringtone.activity.RingToneDuoduoActivity</string>
    <string name="com.baidu.netdisk/com.baidu.netdisk.ui.DefaultMainActivity">com.baidu.netdisk/com.baidu.netdisk.ui.MainActivity</string>
    <string name="cn.xiaochuankeji.tieba/cn.xiaochuankeji.tieba.ui.base.SplashActivity">cn.xiaochuankeji.tieba/cn.xiaochuankeji.tieba.ui.home.page.PageMainActivity</string>
    <string name="com.autonavi.minimap/com.autonavi.map.activity.SplashActivity">com.autonavi.minimap/com.autonavi.map.activity.NewMapActivity</string>
    <string name="com.guoshi.httpcanary/com.guoshi.httpcanary.ui.SplashActivity">com.guoshi.httpcanary/com.guoshi.httpcanary.ui.HomeActivity</string>
    <string name="com.baidu.youavideo/com.baidu.youavideo.splash.ui.CoveredSplashAdvertiseActivity">com.baidu.youavideo/com.baidu.youavideo.home.view.HomeActivity</string>
    <string name="coding.yu.ccompiler.new/coding.yu.ccompiler.ui.SplashActivity">coding.yu.ccompiler.new/coding.yu.ccompiler.ui.MainActivity</string>
    <string name="com.kugou.android/com.kugou.android.app.splash.SplashActivity">com.kugou.android/com.kugou.android.app.MediaActivity</string>
    <string name="com.baidu.youavideo/com.baidu.youavideo.app.ui.SplashActivity">com.baidu.youavideo/com.baidu.youavideo.home.view.HomeActivity</string>
    <string name="com.wifi.link.wfys/com.linksure.browser.activity.SplashActivity">com.wifi.link.wfys/com.linksure.browser.activity.BrowserActivity</string>
    <string name="com.guoshi.httpcanary.premium/com.guoshi.httpcanary.ui.SplashActivity">com.guoshi.httpcanary.premium/com.guoshi.httpcanary.ui.HomeActivity</string>
    <string name="com.baidu.netdisk/com.baidu.netdisk.ui.advertise.FlashAdvertiseActivity">com.baidu.netdisk/com.baidu.netdisk.ui.MainActivity</string>
    <string name="com.mi.health/com.xiaomi.fitness.login.SplashActivity">com.mi.health/com.xiaomi.fitness.main.MainActivity</string>
    <string name="net.csdn.csdnplus/net.csdn.csdnplus.activity.SplashActivity">net.csdn.csdnplus/net.csdn.csdnplus.activity.MainActivity</string>
    <string name="com.xunmeng.pinduoduo/com.xunmeng.pinduoduo.ui.activity.MainFrameActivity">com.xunmeng.pinduoduo/com.xunmeng.pinduoduo.ui.activity.HomeActivity</string>
    <string name="com.kugou.android/com.kugou.android.app.splash.foresplash.ForeSplashActivity">com.kugou.android/com.kugou.android.app.MediaActivity</string>
    <string name="com.taobao.taobao/com.taobao.bootimage.activity.BootImageActivity">com.taobao.taobao/com.taobao.tao.TBMainActivity</string>
</map>
