<?xml version='1.0' encoding='UTF-8' standalone='yes' ?>
<set>
  <string>KEEP nekox.messenger/tw.nekomimi.nekogram.NekoXPushService</string>
  <string>KEEP com.paget96.batteryguru/com.paget96.batteryguru.services.BatteryChangedService</string>
  <string>KEEP com.xiaomi.xmsf/com.xiaomi.xmsf.push.service.notificationcollection.NotificationListener</string>
  <string>ALLOW com.tencent.mm com.tencent.mm</string>
  <string>KEEP io.nekohasekai.anXray/io.nekohasekai.sagernet.bg.VpnService</string>
  <string>KEEP com.tencent.minihd.qq/com.tencent.mobileqq.msf.service.MsfService</string>
  <string>KEEP com.tencent.mobileqq/com.tencent.mobileqq.msf.service.MsfService</string>
  <string>KEEP com.tencent.mm/com.tencent.mm.ipcinvoker.wx_extension.service.PushProcessIPCService</string>
  <string>KEEP com.mi.health/com.xiaomi.fitness.device.manager.DeviceManagerService</string>
  <string>KEEP idm.internet.download.manager.plus/idm.internet.download.manager.DownloadService</string>
  <string>KEEP com.shoujiduoduo.ringtone/com.shoujiduoduo.player.PlayerService</string>
  <string>DENY com.tencent.mm com.tencent.mm</string>
  <string>KEEP com.google.android.gms/com.google.android.gms.chimera.PersistentIntentOperationService</string>
  <string>KEEP com.miui.mishare.connectivity/com.miui.mishare.connectivity.MiShareService</string>
  <string>KEEP com.github.kr328.clash.foss/com.github.kr328.clash.service.TunService</string>
  <string>ADDAPP ONLAUNCH com.tencent.mm</string>
  <string>KEEP com.kugou.android/com.kugou.framework.service.ipc.peripheral.connect.SupportService</string>
  <string>KEEP com.kugou.android/com.kugou.framework.service.CommandIntentAcceptor</string>
  <string>KEEP com.miui.voiceassist/com.xiaomi.voiceassistant.VoiceService</string>
  <string>KEEP com.miui.miwallpaper/com.miui.miwallpaper.MiuiKeyguardWallpaperRemoteService</string>
  <string>ALLOW * com.tencent.mm</string>
  <string>KEEP com.benten.jiankong/com.benten.jiankong.server.FloatingImageDisplayService</string>
  <string>KEEP com.shoujiduoduo.ringtone/com.ss.android.socialbase.downloader.notification.DownloadNotificationService</string>
  <string>KEEP com.iflytek.inputmethod/com.iflytek.inputmethod.FlyIME</string>
  <string>KEEP com.netease.cloudmusic/com.netease.cloudmusic.service.PlayService</string>
  <string>KEEP com.tencent.mm/com.tencent.mm.service.ProcessService$MMProcessService</string>
  <string>KEEP com.miui.aod/com.miui.aod.doze.DozeService</string>
  <string>KEEP cn.kuwo.player/cn.kuwo.mod.push.PushService</string>
  <string>KEEP com.miui.player/com.miui.player.service.MediaPlaybackService</string>
  <string>KEEP com.omarea.vtools/com.omarea.vtools.AccessibilityScenceMode</string>
  <string>KEEP nekox.messenger/org.telegram.messenger.KeepAliveJob</string>
  <string>KEEP com.github.kr328.clash.foss/com.github.kr328.clash.service.RemoteService</string>
  <string>KEEP io.nekohasekai.sagernet/io.nekohasekai.sagernet.bg.VpnService</string>
  <string>DENY * com.tencent.mm</string>
  <string>KEEP com.google.android.gms/com.google.android.gms.gcm.GcmService</string>
  <string>KEEP com.mfashiongallery.emag/com.mfashiongallery.emag.wallpaper.DesktopWallpaperService</string>
  <string>KEEP com.kugou.android.lite/com.kugou.framework.service.CommandIntentAcceptor</string>
  <string>KEEP com.tencent.mm/com.tencent.mm.booter.CoreService</string>
  <string>KEEP com.kugou.android.lite/com.kugou.framework.service.ipc.peripheral.connect.SupportService</string>
  <string>KEEP cn.kuwo.player/cn.kuwo.service.remote.RemoteService</string>
  <string>KEEP com.tencent.mm/com.tencent.mm.plugin.fcm.WCFirebaseMessagingService</string>
</set>