<?xml version='1.0' encoding='UTF-8' standalone='yes' ?>
<set>
  <string>idm.internet.download.manager.plus</string>
  <string>com.youdao.translator</string>
  <string>com.android.printspooler</string>
  <string>com.google.ar.core</string>
  <string>com.tencent.mobileqq</string>
  <string>com.vivian8421.mipushEnhance</string>
  <string>com.getsurfboard</string>
  <string>com.miui.huanji</string>
  <string>io.legado.play.release</string>
  <string>com.coolapk.market</string>
  <string>com.sankuai.meituan.takeoutnew</string>
  <string>com.miui.calculator</string>
  <string>com.cmbchina.ccd.pluto.cmbActivity</string>
  <string>name.caiyao.sporteditor</string>
  <string>com.fankes.tsbattery</string>
  <string>com.kakathic.shells</string>
  <string>com.ifreedomer.timenote</string>
  <string>io.nekohasekai.sagernet</string>
  <string>com.tencent.lolm</string>
  <string>com.zuowu.jformat</string>
  <string>com.tencent.weworkenterprise</string>
  <string>just.trust.me</string>
  <string>han.gjzs</string>
  <string>com.tencent.gamehelper.smoba</string>
  <string>com.huati</string>
  <string>com.xiaomi.mimobile</string>
  <string>com.android.nfc</string>
  <string>com.duokan.phone.remotecontroller</string>
  <string>com.qualcomm.qti.autoregistration</string>
  <string>mfcx.qq3355.statusbarlyric</string>
  <string>com.mfashiongallery.emag</string>
  <string>com.xiaomi.market</string>
  <string>com.haier.uhome.washer</string>
  <string>cn.wps.moffice_eng.xiaomi.lite</string>
  <string>com.android.localtransport</string>
  <string>com.fkzhang.wechatxposed</string>
  <string>com.miui.analytics</string>
  <string>com.xposed.wechat.patch</string>
  <string>moe.henry_zhr.cloudmusic_cover</string>
  <string>com.guoshi.httpcanary.premium</string>
  <string>com.alicloud.databox</string>
  <string>com.moyan.dailytask</string>
  <string>com.mhook.MrSFastTranslation</string>
  <string>com.taobao.idlefish</string>
  <string>com.mipure.zhuimeng</string>
  <string>com.xiaomiui.downloader</string>
  <string>com.yuk.miuihome</string>
  <string>com.sup.android.superb</string>
  <string>com.v2ray.ang</string>
  <string>shell.ccaeo.bug</string>
  <string>com.shell.toast</string>
  <string>io.github.tehcneko.tgadblocker</string>
  <string>com.ss.android.ugc.aweme</string>
  <string>com.Jesse205.eddelua</string>
  <string>com.xiaomi.joyose</string>
  <string>com.google.android.apps.translate</string>
  <string>com.miui.cleanmaster</string>
  <string>io.legado.app.release</string>
  <string>com.ktls.fileinfo</string>
  <string>com.sinovatech.unicom.ui</string>
  <string>com.projectkr.shell</string>
  <string>com.kugou.android.lite</string>
  <string>com.flatter.app.kuafu</string>
  <string>net.csdn.csdnplus</string>
  <string>shell.ccaeos</string>
  <string>com.netease.cloudmusic</string>
  <string>pub.chara.cwui.pretendsharing_xposed</string>
  <string>com.ejiaogl.tiktokhook</string>
  <string>io.github.xtls.xray4magisk</string>
  <string>com.xiaomi.scanner</string>
  <string>com.github.ClashRforAndroid</string>
  <string>com.wifi.link.wfys</string>
  <string>com.fox2code.mmm</string>
  <string>com.taobao.litetao</string>
  <string>com.bluefile.yun</string>
  <string>com.miui.touchassistant</string>
  <string>com.tencent.tmgp.sgame</string>
  <string>io.legado.app.releasA</string>
  <string>akhil.alltrans</string>
  <string>io.github.lamprose.mi_ultra</string>
  <string>com.bilibili.app.in</string>
  <string>nekox.messenger</string>
  <string>com.shatyuka.killergram</string>
  <string>cn.kuwo.player</string>
  <string>com.cjkj.clanide</string>
  <string>com.yipiao</string>
  <string>player.normal.np</string>
  <string>com.miui.notes</string>
  <string>com.miui.tsmclient</string>
  <string>me.gavin.icon.designer</string>
  <string>com.google.android.marvin.talkback</string>
  <string>com.yxer.rpack.hook</string>
  <string>com.MobileTicket</string>
  <string>com.chengzipie.statusbarlrc</string>
  <string>com.taobao.taobao</string>
  <string>xyz.kymirai.micode</string>
  <string>com.s1243808733.materialicon</string>
  <string>com.jingyao.easybike</string>
  <string>com.qualcomm.atfwd</string>
  <string>com.hicorenational.antifraud</string>
  <string>com.quark.browser</string>
  <string>com.miui.personalassistant</string>
  <string>dev.miuiicons.pedroz</string>
  <string>com.vmos.pro</string>
  <string>com.baidu.netdisk</string>
  <string>dj.dj.dj</string>
  <string>com.google.android.configupdater</string>
  <string>com.android.dynsystem</string>
  <string>shell.ccaeo</string>
  <string>com.xunmeng.pinduoduo</string>
  <string>com.miui.player</string>
  <string>com.miui.phrase</string>
  <string>vendor.qti.hardware.cacert.server</string>
  <string>com.yitong.mbank.psbc</string>
  <string>com.byyang.kugou</string>
  <string>com.mipure.zhuimeng.mipop</string>
  <string>com.dlf.icon</string>
  <string>gjzs.online</string>
  <string>com.variable.apkhook</string>
  <string>com.iudesk.android.photo.editor</string>
  <string>com.android.updater</string>
  <string>org.autojs.autojspro</string>
  <string>thanox.config.template.7a288e4d-b652-46d4-b321-d55332585de2</string>
  <string>com.highcapable.purereader</string>
  <string>cn.xiaochuankeji.tieba</string>
  <string>com.saohao.tiantian</string>
  <string>com.fkzhang.qqxposed</string>
  <string>org.my.celestite.realtns</string>
  <string>com.tencent.mtt</string>
  <string>air.com.adobe.pstouchphone</string>
  <string>com.lcw.daodaopic</string>
  <string>id.delta.flatlogomaker</string>
  <string>com.itsaky.uidesigner</string>
  <string>com.cjkj.oldphonetool</string>
  <string>com.android.yl.audio.weipeiyin</string>
  <string>com.bug.zqq</string>
  <string>com.buye.ml</string>
  <string>com.miui.virtualsim</string>
  <string>info.muge.appshare</string>
  <string>com.sinovatech.gxmobile.ui</string>
  <string>pub.chara.cwui.pretend_sharing</string>
  <string>com.benten.jiankong</string>
  <string>me.teble.xposed.autodaily</string>
  <string>com.xiaomi.aiasst.service</string>
  <string>com.google.android.onetimeinitializer</string>
  <string>cmb.pb</string>
  <string>com.miui.bugreport</string>
  <string>com.aide.ui</string>
  <string>com.bbrjo</string>
  <string>xv.uzol.fpspcjn</string>
  <string>person.wangchen11.xqceditor</string>
  <string>com.android.soundrecorder</string>
  <string>com.tsng.applistdetector</string>
  <string>com.evbadroid.wicap</string>
  <string>com.tencent.wework</string>
  <string>com.f1player</string>
  <string>com.nnnen.tool</string>
  <string>com.Jesse205.aidelua2</string>
  <string>com.xiaomi.vipaccount</string>
  <string>io.github.muntashirakon.AppManager</string>
  <string>com.microsoft.emmx</string>
  <string>com.absinthe.libchecker</string>
  <string>com.tencent.map</string>
  <string>in.mfile</string>
  <string>com.miui.maintenancemode</string>
  <string>com.xiaomi.aiasst.vision</string>
  <string>me.zhanghai.android.files</string>
  <string>com.autonavi.minimap</string>
  <string>com.dashboard.kotlin</string>
  <string>cn.nr19.mbrowser</string>
  <string>com.miui.cloudbackup</string>
  <string>com.github.android</string>
  <string>com.android.chrome</string>
  <string>com.android.stk</string>
  <string>tv.danmaku.bili</string>
  <string>nil.nadph.qnotified</string>
  <string>com.akari.ppx</string>
  <string>com.god.vip</string>
  <string>com.tencent.tmgp.cod</string>
  <string>com.miui.screenrecorder</string>
  <string>com.shoujiduoduo.ringtone</string>
  <string>com.qualcomm.qti.performancemode</string>
  <string>com.eg.android.AlipayGphone</string>
  <string>bin.mt.plus.canary</string>
  <string>com.realvnc.viewer.android</string>
  <string>com.sohu.inputmethod.sogou.xiaomi</string>
  <string>com.guoshi.httpcanary</string>
  <string>com.coderstory.toolkit</string>
  <string>com.tsng.hidemyapplist</string>
  <string>com.miui.newmidrive</string>
  <string>com.xiaomi.shop</string>
  <string>qyma.wifikey</string>
  <string>com.smile.gifmaker</string>
  <string>Han.GJZS</string>
  <string>coding.yu.ccompiler.new</string>
  <string>com.kugou.android</string>
  <string>com.baidu.youavideo</string>
  <string>com.adguard.android</string>
  <string>com.tkmndz.nbkj</string>
  <string>com.devadvance.rootcloak2</string>
  <string>com.estrongs.android.pop</string>
  <string>com.jimmyzhao.www</string>
  <string>mark.via</string>
  <string>com.android.providers.blockednumber</string>
  <string>com.qualcomm.qti.cne</string>
  <string>ctrip.android.view</string>
  <string>com.byyoung.setting</string>
</set>