<?xml version='1.0' encoding='UTF-8' standalone='yes' ?>
<settings version="-1">
  <setting id="342" name="PREF_SHOW_CURRENT_ACTIVITY_COMPONENT_ENABLED" value="false" package="android" defaultValue="false" defaultSysSet="true" tag="tornaco" />
  <setting id="182" name="PREF_CLEAN_UP_ON_TASK_REMOVED" value="true" package="android" defaultValue="true" defaultSysSet="true" tag="tornaco" />
  <setting id="314" name="PREF_BG_TASK_CLEAN_UP_SKIP_NOTIFICATION" value="true" package="android" defaultValue="true" defaultSysSet="true" tag="tornaco" />
  <setting id="184" name="PREF_START_BLOCKER_ENABLED" value="true" package="android" defaultValue="true" defaultSysSet="true" tag="tornaco" />
  <setting id="316" name="plugin.push.message.delegate.server.channel_enabled_com.tencent.mm" value="true" package="android" defaultValue="true" defaultSysSet="true" tag="tornaco" />
  <setting id="318" name="plugin.push.message.delegate.server.channel_skip_if_running_enabled_com.tencent.mm" value="true" package="android" defaultValue="true" defaultSysSet="true" tag="tornaco" />
  <setting id="197" name="PREF_BG_TASK_CLEAN_UP_DELAY_MILLS" value="1800000" package="android" defaultValue="1800000" defaultSysSet="true" tag="tornaco" />
  <setting id="4" name="PREF_SMART_STANDBY_STOP_SERVICE_ENABLED" value="true" package="android" defaultValue="true" defaultSysSet="true" tag="tornaco" />
  <setting id="212" name="PREF_FIRST_ACTIVATE_thanox@tornaco:732ca25b-5fd7-461b-a497-0cde882c02ee" value="false" package="android" defaultValue="false" defaultSysSet="true" tag="tornaco" />
  <setting id="317" name="plugin.push.message.delegate.server.channel_show_content_enabled_com.tencent.mm" value="true" package="android" defaultValue="true" defaultSysSet="true" tag="tornaco" />
  <setting id="0" name="PREF_FIRST_ACTIVATE_thanos@tornaco:77e777b1-1549-3e34-87c5-3780de38ad2f" value="false" package="android" defaultValue="false" defaultSysSet="true" tag="tornaco" />
  <setting id="211" name="PREF_OPS_HAS_MIGRATE_TO_ANDROID_S" value="true" package="android" defaultValue="true" defaultSysSet="true" tag="tornaco" />
  <setting id="8" name="PREF_SMART_STANDBY_RULE_ENABLED" value="true" package="android" defaultValue="true" defaultSysSet="true" tag="tornaco" />
  <setting id="299" name="PREF_FIRST_ACTIVATE_thanox@tornaco:728fe1f5-775f-4015-8895-985a8d5d3a91" value="false" package="android" defaultValue="false" defaultSysSet="true" tag="tornaco" />
  <setting id="7" name="PREF_PROFILE_AUTO_CONFIG_TEMPLATE_SELECTION_ID" value="7a288e4d-b652-46d4-b321-d55332585de2" package="android" defaultValue="7a288e4d-b652-46d4-b321-d55332585de2" defaultSysSet="true" tag="tornaco" />
  <setting id="203" name="PREF_START_RULE_ENABLED" value="true" package="android" defaultValue="true" defaultSysSet="true" tag="tornaco" />
  <setting id="340" name="PREF_ACTIVITY_TRAMPOLINE_ENABLED" value="true" package="android" defaultValue="true" defaultSysSet="true" tag="tornaco" />
  <setting id="216" name="PREF_KEY_APP_THEME_PREFER_L" value="Light" package="android" defaultValue="Light" defaultSysSet="true" tag="tornaco" />
  <setting id="11" name="PREF_BG_TASK_CLEAN_UP_SKIP_AUDIO_FOCUSED" value="true" package="android" defaultValue="true" defaultSysSet="true" tag="tornaco" />
  <setting id="135" name="PREF_LOGGING_ENABLED" value="true" package="android" defaultValue="true" defaultSysSet="true" tag="tornaco" />
  <setting id="333" name="PREF_NET_STAT_TRACKER_ENABLED" value="false" package="android" defaultValue="false" defaultSysSet="true" tag="tornaco" />
  <setting id="224" name="PREF_POWER_SAVE_ENABLED" value="true" package="android" defaultValue="true" defaultSysSet="true" tag="tornaco" />
  <setting id="36" name="PREF_PROFILE_SU_ENABLED" value="true" package="android" defaultValue="true" defaultSysSet="true" tag="tornaco" />
  <setting id="215" name="PREF_KEY_APP_THEME" value="Light" package="android" defaultValue="Light" defaultSysSet="true" tag="tornaco" />
  <setting id="193" name="PREF_SHOW_BG_RESTRICT_APPS_NOTIFICATION_ENABLED" value="false" package="android" defaultValue="false" defaultSysSet="true" tag="tornaco" />
  <setting id="345" name="PREF_SMART_STANDBY_INACTIVE_ENABLED" value="true" package="android" defaultValue="true" defaultSysSet="true" tag="tornaco" />
  <setting id="304" name="PREF_FIRST_ACTIVATE_thanox@tornaco:adff7e7c-530c-46af-8d0a-a15436971940" value="false" package="android" defaultValue="false" defaultSysSet="true" tag="tornaco" />
  <setting id="322" name="PREF_SMART_STANDBY_BY_PASS_IF_HAS_N_ENABLED" value="false" package="android" defaultValue="false" defaultSysSet="true" tag="tornaco" />
  <setting id="5" name="PREF_SMART_STANDBY_BY_BLOCK_BG_SERVICE_START_ENABLED" value="true" package="android" defaultValue="true" defaultSysSet="true" tag="tornaco" />
  <setting id="181" name="PREF_SMART_STANDBY_V2_ENABLED" value="true" package="android" defaultValue="true" defaultSysSet="true" tag="tornaco" />
  <setting id="257" name="PREF_FIRST_ACTIVATE_thanox@tornaco:16f58b77-57a0-4e97-8497-4b0e7cb5e163" value="false" package="android" defaultValue="false" defaultSysSet="true" tag="tornaco" />
  <setting id="210" name="github.tornaco.android.thanos.ui.used_round_icon" value="true" package="android" defaultValue="true" defaultSysSet="true" tag="tornaco" />
  <setting id="315" name="PREF_BG_TASK_CLEAN_UP_SKIP_WHEN_HAS_RECENT_TASK" value="true" package="android" defaultValue="true" defaultSysSet="true" tag="tornaco" />
  <setting id="272" name="PREF_FIRST_ACTIVATE_thanox@tornaco:08b13875-a112-4dc3-8548-a260c99a55e9" value="false" package="android" defaultValue="false" defaultSysSet="true" tag="tornaco" />
  <setting id="207" name="PREF_AUTO_CONFIG_NEW_INSTALLED_APPS_ENABLED" value="true" package="android" defaultValue="true" defaultSysSet="true" tag="tornaco" />
  <setting id="344" name="PREF_PROFILE_ENABLED" value="true" package="android" defaultValue="true" defaultSysSet="true" tag="tornaco" />
  <setting id="183" name="PREF_BG_RESTRICT_ENABLED" value="true" package="android" defaultValue="true" defaultSysSet="true" tag="tornaco" />
  <setting id="130" name="PREF_SMART_FREEZE_SCREEN_OFF_CHECK_ENABLED" value="true" package="android" defaultValue="true" defaultSysSet="true" tag="tornaco" />
</settings>